Workbook

Sheet 정산
A1: 🎴 고스톱 정산표 (4인)
A2: 노란 칸만 입력하세요. 나머지는 자동 계산됩니다.
A4: 점당 금액 | C4: 100 | E4: 총 판수 | G4: =COUNT(판기록!$H$5:$H$204) -> 0
A6: 번호 | B6: 이름 | C6: 참가 | D6: 이긴 판 | E6: 쉰 판 | F6: 승률 | G6: 딴 돈 | H6: 잃은 돈 | I6: 최종 손익 | J6: 순위
A7: 1번 | B7: 철수 | C7: =SUMPRODUCT(ISNUMBER(판기록!H$5:H$204)*(판기록!D$5:D$204<>"쉼")) -> 0 | D7: =SUMPRODUCT(ISNUMBER(판기록!H$5:H$204)*(판기록!$B$5:$B$204=B7)) -> 0 | E7: =SUMPRODUCT(ISNUMBER(판기록!H$5:H$204)*(판기록!D$5:D$204="쉼")) -> 0 | F7: =IF(C7=0,"-",D7/C7) -> - | G7: =SUMIF(판기록!H$5:H$204,">0")+SUMIF(기타정산!$E$5:$E$104,B7,기타정산!$F$5:$F$104) -> 0 | H7: =-SUMIF(판기록!H$5:H$204,"<0")+SUMIF(기타정산!$D$5:$D$104,B7,기타정산!$F$5:$F$104) -> 0 | I7: =G7-H7 -> 0 | J7: =RANK(I7,$I$7:$I$10) -> 1
A8: 2번 | B8: 영희 | C8: =SUMPRODUCT(ISNUMBER(판기록!I$5:I$204)*(판기록!E$5:E$204<>"쉼")) -> 0 | D8: =SUMPRODUCT(ISNUMBER(판기록!I$5:I$204)*(판기록!$B$5:$B$204=B8)) -> 0 | E8: =SUMPRODUCT(ISNUMBER(판기록!I$5:I$204)*(판기록!E$5:E$204="쉼")) -> 0 | F8: =IF(C8=0,"-",D8/C8) -> - | G8: =SUMIF(판기록!I$5:I$204,">0")+SUMIF(기타정산!$E$5:$E$104,B8,기타정산!$F$5:$F$104) -> 0 | H8: =-SUMIF(판기록!I$5:I$204,"<0")+SUMIF(기타정산!$D$5:$D$104,B8,기타정산!$F$5:$F$104) -> 0 | I8: =G8-H8 -> 0 | J8: =RANK(I8,$I$7:$I$10) -> 1
A9: 3번 | B9: 민수 | C9: =SUMPRODUCT(ISNUMBER(판기록!J$5:J$204)*(판기록!F$5:F$204<>"쉼")) -> 0 | D9: =SUMPRODUCT(ISNUMBER(판기록!J$5:J$204)*(판기록!$B$5:$B$204=B9)) -> 0 | E9: =SUMPRODUCT(ISNUMBER(판기록!J$5:J$204)*(판기록!F$5:F$204="쉼")) -> 0 | F9: =IF(C9=0,"-",D9/C9) -> - | G9: =SUMIF(판기록!J$5:J$204,">0")+SUMIF(기타정산!$E$5:$E$104,B9,기타정산!$F$5:$F$104) -> 0 | H9: =-SUMIF(판기록!J$5:J$204,"<0")+SUMIF(기타정산!$D$5:$D$104,B9,기타정산!$F$5:$F$104) -> 0 | I9: =G9-H9 -> 0 | J9: =RANK(I9,$I$7:$I$10) -> 1
A10: 4번 | B10: 지훈 | C10: =SUMPRODUCT(ISNUMBER(판기록!K$5:K$204)*(판기록!G$5:G$204<>"쉼")) -> 0 | D10: =SUMPRODUCT(ISNUMBER(판기록!K$5:K$204)*(판기록!$B$5:$B$204=B10)) -> 0 | E10: =SUMPRODUCT(ISNUMBER(판기록!K$5:K$204)*(판기록!G$5:G$204="쉼")) -> 0 | F10: =IF(C10=0,"-",D10/C10) -> - | G10: =SUMIF(판기록!K$5:K$204,">0")+SUMIF(기타정산!$E$5:$E$104,B10,기타정산!$F$5:$F$104) -> 0 | H10: =-SUMIF(판기록!K$5:K$204,"<0")+SUMIF(기타정산!$D$5:$D$104,B10,기타정산!$F$5:$F$104) -> 0 | I10: =G10-H10 -> 0 | J10: =RANK(I10,$I$7:$I$10) -> 1
A11: 합계 (최종 손익 합계는 항상 0이어야 정상) | G11: =SUM(G7:G10) -> 0 | H11: =SUM(H7:H10) -> 0 | I11: =SUM(I7:I10) -> 0 | J11: =IF(ROUND(I11,0)=0,"✓ 정상","⚠ 확인") -> ✓ 정상
A12: =IF(SUMPRODUCT((COUNTIF(B7:B10,B7:B10)>1)*1)>0,"⚠ 이름이 겹쳐요. 4명 이름을 서로 다르게 써주세요.","")
A14: 사용법
A15: ① 위 노란 칸에 4명 이름과 점당 금액을 적어요.
A16: ② 한 판 끝날 때마다 '판기록' 시트에 한 줄씩: 승자(목록 선택) · 점수 · 박/쉼
A17: · 점수 = 고, 흔들기, 뻑 등 다 반영한 최종 점수
A18: · 박/쉼 칸: 빈칸 = 보통 / 2배 = 피박·광박·멍박 중 하나 / 4배 = 두 개 겹침 / 쉼 = 이번 판 안 친 사람(광 판 사람)
A19: · 진 사람은 '점수 × 점당 × 배수'만큼 내고, 승자가 그걸 다 받아요.
A20: ③ 광값·벌금처럼 판 결과와 따로 주고받은 돈은 '기타정산' 시트에 적어요.
A21: 예) 점당 100원, 철수 5점 승, 영희 2배(피박), 지훈 쉼 → 영희 −1,000 · 민수 −500 · 지훈 0 · 철수 +1,500
A22: 최종 손익: + 는 받을 돈, − 는 낼 돈. 1등 줄은 금색으로 표시돼요.

Sheet 판기록
A1: 판기록
A2: 노란 칸만 입력 · 박/쉼: 빈칸=보통, 2배/4배/8배=박, 쉼=안 친 사람 · 예) 철수 승 5점, 영희 2배, 지훈 쉼 → 영희 −1,000 / 민수 −500 / 철수 +1,500 (점당 100원)
A3: 판 | B3: 승자 | C3: 점수 | D3: 박 / 쉼 (빈칸 = 보통) | H3: 이번 판 돈 (원) | L3: 확인 | M3: 메모
D4: =정산!$B$7 -> 철수 | E4: =정산!$B$8 -> 영희 | F4: =정산!$B$9 -> 민수 | G4: =정산!$B$10 -> 지훈 | H4: =정산!$B$7 -> 철수 | I4: =정산!$B$8 -> 영희 | J4: =정산!$B$9 -> 민수 | K4: =정산!$B$10 -> 지훈 | N4: 배수1 | O4: 배수2 | P4: 배수3 | Q4: 배수4
A5: 1 | H5: =IF(OR($B5="",$C5="",COUNTIF($D$4:$G$4,$B5)=0),"",IF($B5=H$4,$C5*정산!$C$4*(SUM($N5:$Q5)-N5),-$C5*정산!$C$4*N5)) | I5: =IF(OR($B5="",$C5="",COUNTIF($D$4:$G$4,$B5)=0),"",IF($B5=I$4,$C5*정산!$C$4*(SUM($N5:$Q5)-O5),-$C5*정산!$C$4*O5)) | J5: =IF(OR($B5="",$C5="",COUNTIF($D$4:$G$4,$B5)=0),"",IF($B5=J$4,$C5*정산!$C$4*(SUM($N5:$Q5)-P5),-$C5*정산!$C$4*P5)) | K5: =IF(OR($B5="",$C5="",COUNTIF($D$4:$G$4,$B5)=0),"",IF($B5=K$4,$C5*정산!$C$4*(SUM($N5:$Q5)-Q5),-$C5*정산!$C$4*Q5)) | L5: =IF(AND($B5="",$C5=""),"",IF($B5="","승자 선택!",IF($C5="","점수 입력!",IF(COUNTIF($D$4:$G$4,$B5)=0,"승자 이름?",IF(COUNTIF(D5:G5,"쉼")<>1,"쉼 1명 표시!",IF(INDEX(D5:G5,MATCH($B5,$D$4:$G$4,0))="쉼","승자가 쉼?","✓")))))) | N5: =IF(D5="쉼",0,IF(D5="",1,IFERROR(VALUE(LEFT(D5,1)),1))) -> 1 | O5: =IF(E5="쉼",0,IF(E5="",1,IFERROR(VALUE(LEFT(E5,1)),1))) -> 1 | P5: =IF(F5="쉼",0,IF(F5="",1,IFERROR(VALUE(LEFT(F5,1)),1))) -> 1 | Q5: =IF(G5="쉼",0,IF(G5="",1,IFERROR(VALUE(LEFT(G5,1)),1))) -> 1
A6: 2 | H6: =IF(OR($B6="",$C6="",COUNTIF($D$4:$G$4,$B6)=0),"",IF($B6=H$4,$C6*정산!$C$4*(SUM($N6:$Q6)-N6),-$C6*정산!$C$4*N6)) | I6: =IF(OR($B6="",$C6="",COUNTIF($D$4:$G$4,$B6)=0),"",IF($B6=I$4,$C6*정산!$C$4*(SUM($N6:$Q6)-O6),-$C6*정산!$C$4*O6)) | J6: =IF(OR($B6="",$C6="",COUNTIF($D$4:$G$4,$B6)=0),"",IF($B6=J$4,$C6*정산!$C$4*(SUM($N6:$Q6)-P6),-$C6*정산!$C$4*P6)) | K6: =IF(OR($B6="",$C6="",COUNTIF($D$4:$G$4,$B6)=0),"",IF($B6=K$4,$C6*정산!$C$4*(SUM($N6:$Q6)-Q6),-$C6*정산!$C$4*Q6)) | L6: =IF(AND($B6="",$C6=""),"",IF($B6="","승자 선택!",IF($C6="","점수 입력!",IF(COUNTIF($D$4:$G$4,$B6)=0,"승자 이름?",IF(COUNTIF(D6:G6,"쉼")<>1,"쉼 1명 표시!",IF(INDEX(D6:G6,MATCH($B6,$D$4:$G$4,0))="쉼","승자가 쉼?","✓")))))) | N6: =IF(D6="쉼",0,IF(D6="",1,IFERROR(VALUE(LEFT(D6,1)),1))) -> 1 | O6: =IF(E6="쉼",0,IF(E6="",1,IFERROR(VALUE(LEFT(E6,1)),1))) -> 1 | P6: =IF(F6="쉼",0,IF(F6="",1,IFERROR(VALUE(LEFT(F6,1)),1))) -> 1 | Q6: =IF(G6="쉼",0,IF(G6="",1,IFERROR(VALUE(LEFT(G6,1)),1))) -> 1
A7: 3 | H7: =IF(OR($B7="",$C7="",COUNTIF($D$4:$G$4,$B7)=0),"",IF($B7=H$4,$C7*정산!$C$4*(SUM($N7:$Q7)-N7),-$C7*정산!$C$4*N7)) | I7: =IF(OR($B7="",$C7="",COUNTIF($D$4:$G$4,$B7)=0),"",IF($B7=I$4,$C7*정산!$C$4*(SUM($N7:$Q7)-O7),-$C7*정산!$C$4*O7)) | J7: =IF(OR($B7="",$C7="",COUNTIF($D$4:$G$4,$B7)=0),"",IF($B7=J$4,$C7*정산!$C$4*(SUM($N7:$Q7)-P7),-$C7*정산!$C$4*P7)) | K7: =IF(OR($B7="",$C7="",COUNTIF($D$4:$G$4,$B7)=0),"",IF($B7=K$4,$C7*정산!$C$4*(SUM($N7:$Q7)-Q7),-$C7*정산!$C$4*Q7)) | L7: =IF(AND($B7="",$C7=""),"",IF($B7="","승자 선택!",IF($C7="","점수 입력!",IF(COUNTIF($D$4:$G$4,$B7)=0,"승자 이름?",IF(COUNTIF(D7:G7,"쉼")<>1,"쉼 1명 표시!",IF(INDEX(D7:G7,MATCH($B7,$D$4:$G$4,0))="쉼","승자가 쉼?","✓")))))) | N7: =IF(D7="쉼",0,IF(D7="",1,IFERROR(VALUE(LEFT(D7,1)),1))) -> 1 | O7: =IF(E7="쉼",0,IF(E7="",1,IFERROR(VALUE(LEFT(E7,1)),1))) -> 1 | P7: =IF(F7="쉼",0,IF(F7="",1,IFERROR(VALUE(LEFT(F7,1)),1))) -> 1 | Q7: =IF(G7="쉼",0,IF(G7="",1,IFERROR(VALUE(LEFT(G7,1)),1))) -> 1
A8: 4 | H8: =IF(OR($B8="",$C8="",COUNTIF($D$4:$G$4,$B8)=0),"",IF($B8=H$4,$C8*정산!$C$4*(SUM($N8:$Q8)-N8),-$C8*정산!$C$4*N8)) | I8: =IF(OR($B8="",$C8="",COUNTIF($D$4:$G$4,$B8)=0),"",IF($B8=I$4,$C8*정산!$C$4*(SUM($N8:$Q8)-O8),-$C8*정산!$C$4*O8)) | J8: =IF(OR($B8="",$C8="",COUNTIF($D$4:$G$4,$B8)=0),"",IF($B8=J$4,$C8*정산!$C$4*(SUM($N8:$Q8)-P8),-$C8*정산!$C$4*P8)) | K8: =IF(OR($B8="",$C8="",COUNTIF($D$4:$G$4,$B8)=0),"",IF($B8=K$4,$C8*정산!$C$4*(SUM($N8:$Q8)-Q8),-$C8*정산!$C$4*Q8)) | L8: =IF(AND($B8="",$C8=""),"",IF($B8="","승자 선택!",IF($C8="","점수 입력!",IF(COUNTIF($D$4:$G$4,$B8)=0,"승자 이름?",IF(COUNTIF(D8:G8,"쉼")<>1,"쉼 1명 표시!",IF(INDEX(D8:G8,MATCH($B8,$D$4:$G$4,0))="쉼","승자가 쉼?","✓")))))) | N8: =IF(D8="쉼",0,IF(D8="",1,IFERROR(VALUE(LEFT(D8,1)),1))) -> 1 | O8: =IF(E8="쉼",0,IF(E8="",1,IFERROR(VALUE(LEFT(E8,1)),1))) -> 1 | P8: =IF(F8="쉼",0,IF(F8="",1,IFERROR(VALUE(LEFT(F8,1)),1))) -> 1 | Q8: =IF(G8="쉼",0,IF(G8="",1,IFERROR(VALUE(LEFT(G8,1)),1))) -> 1
A9: 5 | H9: =IF(OR($B9="",$C9="",COUNTIF($D$4:$G$4,$B9)=0),"",IF($B9=H$4,$C9*정산!$C$4*(SUM($N9:$Q9)-N9),-$C9*정산!$C$4*N9)) | I9: =IF(OR($B9="",$C9="",COUNTIF($D$4:$G$4,$B9)=0),"",IF($B9=I$4,$C9*정산!$C$4*(SUM($N9:$Q9)-O9),-$C9*정산!$C$4*O9)) | J9: =IF(OR($B9="",$C9="",COUNTIF($D$4:$G$4,$B9)=0),"",IF($B9=J$4,$C9*정산!$C$4*(SUM($N9:$Q9)-P9),-$C9*정산!$C$4*P9)) | K9: =IF(OR($B9="",$C9="",COUNTIF($D$4:$G$4,$B9)=0),"",IF($B9=K$4,$C9*정산!$C$4*(SUM($N9:$Q9)-Q9),-$C9*정산!$C$4*Q9)) | L9: =IF(AND($B9="",$C9=""),"",IF($B9="","승자 선택!",IF($C9="","점수 입력!",IF(COUNTIF($D$4:$G$4,$B9)=0,"승자 이름?",IF(COUNTIF(D9:G9,"쉼")<>1,"쉼 1명 표시!",IF(INDEX(D9:G9,MATCH($B9,$D$4:$G$4,0))="쉼","승자가 쉼?","✓")))))) | N9: =IF(D9="쉼",0,IF(D9="",1,IFERROR(VALUE(LEFT(D9,1)),1))) -> 1 | O9: =IF(E9="쉼",0,IF(E9="",1,IFERROR(VALUE(LEFT(E9,1)),1))) -> 1 | P9: =IF(F9="쉼",0,IF(F9="",1,IFERROR(VALUE(LEFT(F9,1)),1))) -> 1 | Q9: =IF(G9="쉼",0,IF(G9="",1,IFERROR(VALUE(LEFT(G9,1)),1))) -> 1
A10: 6 | H10: =IF(OR($B10="",$C10="",COUNTIF($D$4:$G$4,$B10)=0),"",IF($B10=H$4,$C10*정산!$C$4*(SUM($N10:$Q10)-N10),-$C10*정산!$C$4*N10)) | I10: =IF(OR($B10="",$C10="",COUNTIF($D$4:$G$4,$B10)=0),"",IF($B10=I$4,$C10*정산!$C$4*(SUM($N10:$Q10)-O10),-$C10*정산!$C$4*O10)) | J10: =IF(OR($B10="",$C10="",COUNTIF($D$4:$G$4,$B10)=0),"",IF($B10=J$4,$C10*정산!$C$4*(SUM($N10:$Q10)-P10),-$C10*정산!$C$4*P10)) | K10: =IF(OR($B10="",$C10="",COUNTIF($D$4:$G$4,$B10)=0),"",IF($B10=K$4,$C10*정산!$C$4*(SUM($N10:$Q10)-Q10),-$C10*정산!$C$4*Q10)) | L10: =IF(AND($B10="",$C10=""),"",IF($B10="","승자 선택!",IF($C10="","점수 입력!",IF(COUNTIF($D$4:$G$4,$B10)=0,"승자 이름?",IF(COUNTIF(D10:G10,"쉼")<>1,"쉼 1명 표시!",IF(INDEX(D10:G10,MATCH($B10,$D$4:$G$4,0))="쉼","승자가 쉼?","✓")))))) | N10: =IF(D10="쉼",0,IF(D10="",1,IFERROR(VALUE(LEFT(D10,1)),1))) -> 1 | O10: =IF(E10="쉼",0,IF(E10="",1,IFERROR(VALUE(LEFT(E10,1)),1))) -> 1 | P10: =IF(F10="쉼",0,IF(F10="",1,IFERROR(VALUE(LEFT(F10,1)),1))) -> 1 | Q10: =IF(G10="쉼",0,IF(G10="",1,IFERROR(VALUE(LEFT(G10,1)),1))) -> 1
A11: 7 | H11: =IF(OR($B11="",$C11="",COUNTIF($D$4:$G$4,$B11)=0),"",IF($B11=H$4,$C11*정산!$C$4*(SUM($N11:$Q11)-N11),-$C11*정산!$C$4*N11)) | I11: =IF(OR($B11="",$C11="",COUNTIF($D$4:$G$4,$B11)=0),"",IF($B11=I$4,$C11*정산!$C$4*(SUM($N11:$Q11)-O11),-$C11*정산!$C$4*O11)) | J11: =IF(OR($B11="",$C11="",COUNTIF($D$4:$G$4,$B11)=0),"",IF($B11=J$4,$C11*정산!$C$4*(SUM($N11:$Q11)-P11),-$C11*정산!$C$4*P11)) | K11: =IF(OR($B11="",$C11="",COUNTIF($D$4:$G$4,$B11)=0),"",IF($B11=K$4,$C11*정산!$C$4*(SUM($N11:$Q11)-Q11),-$C11*정산!$C$4*Q11)) | L11: =IF(AND($B11="",$C11=""),"",IF($B11="","승자 선택!",IF($C11="","점수 입력!",IF(COUNTIF($D$4:$G$4,$B11)=0,"승자 이름?",IF(COUNTIF(D11:G11,"쉼")<>1,"쉼 1명 표시!",IF(INDEX(D11:G11,MATCH($B11,$D$4:$G$4,0))="쉼","승자가 쉼?","✓")))))) | N11: =IF(D11="쉼",0,IF(D11="",1,IFERROR(VALUE(LEFT(D11,1)),1))) -> 1 | O11: =IF(E11="쉼",0,IF(E11="",1,IFERROR(VALUE(LEFT(E11,1)),1))) -> 1 | P11: =IF(F11="쉼",0,IF(F11="",1,IFERROR(VALUE(LEFT(F11,1)),1))) -> 1 | Q11: =IF(G11="쉼",0,IF(G11="",1,IFERROR(VALUE(LEFT(G11,1)),1))) -> 1
A12: 8 | H12: =IF(OR($B12="",$C12="",COUNTIF($D$4:$G$4,$B12)=0),"",IF($B12=H$4,$C12*정산!$C$4*(SUM($N12:$Q12)-N12),-$C12*정산!$C$4*N12)) | I12: =IF(OR($B12="",$C12="",COUNTIF($D$4:$G$4,$B12)=0),"",IF($B12=I$4,$C12*정산!$C$4*(SUM($N12:$Q12)-O12),-$C12*정산!$C$4*O12)) | J12: =IF(OR($B12="",$C12="",COUNTIF($D$4:$G$4,$B12)=0),"",IF($B12=J$4,$C12*정산!$C$4*(SUM($N12:$Q12)-P12),-$C12*정산!$C$4*P12)) | K12: =IF(OR($B12="",$C12="",COUNTIF($D$4:$G$4,$B12)=0),"",IF($B12=K$4,$C12*정산!$C$4*(SUM($N12:$Q12)-Q12),-$C12*정산!$C$4*Q12)) | L12: =IF(AND($B12="",$C12=""),"",IF($B12="","승자 선택!",IF($C12="","점수 입력!",IF(COUNTIF($D$4:$G$4,$B12)=0,"승자 이름?",IF(COUNTIF(D12:G12,"쉼")<>1,"쉼 1명 표시!",IF(INDEX(D12:G12,MATCH($B12,$D$4:$G$4,0))="쉼","승자가 쉼?","✓")))))) | N12: =IF(D12="쉼",0,IF(D12="",1,IFERROR(VALUE(LEFT(D12,1)),1))) -> 1 | O12: =IF(E12="쉼",0,IF(E12="",1,IFERROR(VALUE(LEFT(E12,1)),1))) -> 1 | P12: =IF(F12="쉼",0,IF(F12="",1,IFERROR(VALUE(LEFT(F12,1)),1))) -> 1 | Q12: =IF(G12="쉼",0,IF(G12="",1,IFERROR(VALUE(LEFT(G12,1)),1))) -> 1
A13: 9 | H13: =IF(OR($B13="",$C13="",COUNTIF($D$4:$G$4,$B13)=0),"",IF($B13=H$4,$C13*정산!$C$4*(SUM($N13:$Q13)-N13),-$C13*정산!$C$4*N13)) | I13: =IF(OR($B13="",$C13="",COUNTIF($D$4:$G$4,$B13)=0),"",IF($B13=I$4,$C13*정산!$C$4*(SUM($N13:$Q13)-O13),-$C13*정산!$C$4*O13)) | J13: =IF(OR($B13="",$C13="",COUNTIF($D$4:$G$4,$B13)=0),"",IF($B13=J$4,$C13*정산!$C$4*(SUM($N13:$Q13)-P13),-$C13*정산!$C$4*P13)) | K13: =IF(OR($B13="",$C13="",COUNTIF($D$4:$G$4,$B13)=0),"",IF($B13=K$4,$C13*정산!$C$4*(SUM($N13:$Q13)-Q13),-$C13*정산!$C$4*Q13)) | L13: =IF(AND($B13="",$C13=""),"",IF($B13="","승자 선택!",IF($C13="","점수 입력!",IF(COUNTIF($D$4:$G$4,$B13)=0,"승자 이름?",IF(COUNTIF(D13:G13,"쉼")<>1,"쉼 1명 표시!",IF(INDEX(D13:G13,MATCH($B13,$D$4:$G$4,0))="쉼","승자가 쉼?","✓")))))) | N13: =IF(D13="쉼",0,IF(D13="",1,IFERROR(VALUE(LEFT(D13,1)),1))) -> 1 | O13: =IF(E13="쉼",0,IF(E13="",1,IFERROR(VALUE(LEFT(E13,1)),1))) -> 1 | P13: =IF(F13="쉼",0,IF(F13="",1,IFERROR(VALUE(LEFT(F13,1)),1))) -> 1 | Q13: =IF(G13="쉼",0,IF(G13="",1,IFERROR(VALUE(LEFT(G13,1)),1))) -> 1
A14: 10 | H14: =IF(OR($B14="",$C14="",COUNTIF($D$4:$G$4,$B14)=0),"",IF($B14=H$4,$C14*정산!$C$4*(SUM($N14:$Q14)-N14),-$C14*정산!$C$4*N14)) | I14: =IF(OR($B14="",$C14="",COUNTIF($D$4:$G$4,$B14)=0),"",IF($B14=I$4,$C14*정산!$C$4*(SUM($N14:$Q14)-O14),-$C14*정산!$C$4*O14)) | J14: =IF(OR($B14="",$C14="",COUNTIF($D$4:$G$4,$B14)=0),"",IF($B14=J$4,$C14*정산!$C$4*(SUM($N14:$Q14)-P14),-$C14*정산!$C$4*P14)) | K14: =IF(OR($B14="",$C14="",COUNTIF($D$4:$G$4,$B14)=0),"",IF($B14=K$4,$C14*정산!$C$4*(SUM($N14:$Q14)-Q14),-$C14*정산!$C$4*Q14)) | L14: =IF(AND($B14="",$C14=""),"",IF($B14="","승자 선택!",IF($C14="","점수 입력!",IF(COUNTIF($D$4:$G$4,$B14)=0,"승자 이름?",IF(COUNTIF(D14:G14,"쉼")<>1,"쉼 1명 표시!",IF(INDEX(D14:G14,MATCH($B14,$D$4:$G$4,0))="쉼","승자가 쉼?","✓")))))) | N14: =IF(D14="쉼",0,IF(D14="",1,IFERROR(VALUE(LEFT(D14,1)),1))) -> 1 | O14: =IF(E14="쉼",0,IF(E14="",1,IFERROR(VALUE(LEFT(E14,1)),1))) -> 1 | P14: =IF(F14="쉼",0,IF(F14="",1,IFERROR(VALUE(LEFT(F14,1)),1))) -> 1 | Q14: =IF(G14="쉼",0,IF(G14="",1,IFERROR(VALUE(LEFT(G14,1)),1))) -> 1
A15: 11 | H15: =IF(OR($B15="",$C15="",COUNTIF($D$4:$G$4,$B15)=0),"",IF($B15=H$4,$C15*정산!$C$4*(SUM($N15:$Q15)-N15),-$C15*정산!$C$4*N15)) | I15: =IF(OR($B15="",$C15="",COUNTIF($D$4:$G$4,$B15)=0),"",IF($B15=I$4,$C15*정산!$C$4*(SUM($N15:$Q15)-O15),-$C15*정산!$C$4*O15)) | J15: =IF(OR($B15="",$C15="",COUNTIF($D$4:$G$4,$B15)=0),"",IF($B15=J$4,$C15*정산!$C$4*(SUM($N15:$Q15)-P15),-$C15*정산!$C$4*P15)) | K15: =IF(OR($B15="",$C15="",COUNTIF($D$4:$G$4,$B15)=0),"",IF($B15=K$4,$C15*정산!$C$4*(SUM($N15:$Q15)-Q15),-$C15*정산!$C$4*Q15)) | L15: =IF(AND($B15="",$C15=""),"",IF($B15="","승자 선택!",IF($C15="","점수 입력!",IF(COUNTIF($D$4:$G$4,$B15)=0,"승자 이름?",IF(COUNTIF(D15:G15,"쉼")<>1,"쉼 1명 표시!",IF(INDEX(D15:G15,MATCH($B15,$D$4:$G$4,0))="쉼","승자가 쉼?","✓")))))) | N15: =IF(D15="쉼",0,IF(D15="",1,IFERROR(VALUE(LEFT(D15,1)),1))) -> 1 | O15: =IF(E15="쉼",0,IF(E15="",1,IFERROR(VALUE(LEFT(E15,1)),1))) -> 1 | P15: =IF(F15="쉼",0,IF(F15="",1,IFERROR(VALUE(LEFT(F15,1)),1))) -> 1 | Q15: =IF(G15="쉼",0,IF(G15="",1,IFERROR(VALUE(LEFT(G15,1)),1))) -> 1
A16: 12 | H16: =IF(OR($B16="",$C16="",COUNTIF($D$4:$G$4,$B16)=0),"",IF($B16=H$4,$C16*정산!$C$4*(SUM($N16:$Q16)-N16),-$C16*정산!$C$4*N16)) | I16: =IF(OR($B16="",$C16="",COUNTIF($D$4:$G$4,$B16)=0),"",IF($B16=I$4,$C16*정산!$C$4*(SUM($N16:$Q16)-O16),-$C16*정산!$C$4*O16)) | J16: =IF(OR($B16="",$C16="",COUNTIF($D$4:$G$4,$B16)=0),"",IF($B16=J$4,$C16*정산!$C$4*(SUM($N16:$Q16)-P16),-$C16*정산!$C$4*P16)) | K16: =IF(OR($B16="",$C16="",COUNTIF($D$4:$G$4,$B16)=0),"",IF($B16=K$4,$C16*정산!$C$4*(SUM($N16:$Q16)-Q16),-$C16*정산!$C$4*Q16)) | L16: =IF(AND($B16="",$C16=""),"",IF($B16="","승자 선택!",IF($C16="","점수 입력!",IF(COUNTIF($D$4:$G$4,$B16)=0,"승자 이름?",IF(COUNTIF(D16:G16,"쉼")<>1,"쉼 1명 표시!",IF(INDEX(D16:G16,MATCH($B16,$D$4:$G$4,0))="쉼","승자가 쉼?","✓")))))) | N16: =IF(D16="쉼",0,IF(D16="",1,IFERROR(VALUE(LEFT(D16,1)),1))) -> 1 | O16: =IF(E16="쉼",0,IF(E16="",1,IFERROR(VALUE(LEFT(E16,1)),1))) -> 1 | P16: =IF(F16="쉼",0,IF(F16="",1,IFERROR(VALUE(LEFT(F16,1)),1))) -> 1 | Q16: =IF(G16="쉼",0,IF(G16="",1,IFERROR(VALUE(LEFT(G16,1)),1))) -> 1
... A204: 200 | H204: =IF(OR($B204="",$C204="",COUNTIF($D$4:$G$4,$B204)=0),"",IF($B204=H$4,$C204*정산!$C$4*(SUM($N204:$Q204)-N204),-$C204*정산!$C$4*N204)) | I204: =IF(OR($B204="",$C204="",COUNTIF($D$4:$G$4,$B204)=0),"",IF($B204=I$4,$C204*정산!$C$4*(SUM($N204:$Q204)-O204),-$C204*정산!$C$4*O204)) | J204: =IF(OR($B204="",$C204="",COUNTIF($D$4:$G$4,$B204)=0),"",IF($B204=J$4,$C204*정산!$C$4*(SUM($N204:$Q204)-P204),-$C204*정산!$C$4*P204)) | K204: =IF(OR($B204="",$C204="",COUNTIF($D$4:$G$4,$B204)=0),"",IF($B204=K$4,$C204*정산!$C$4*(SUM($N204:$Q204)-Q204),-$C204*정산!$C$4*Q204)) | L204: =IF(AND($B204="",$C204=""),"",IF($B204="","승자 선택!",IF($C204="","점수 입력!",IF(COUNTIF($D$4:$G$4,$B204)=0,"승자 이름?",IF(COUNTIF(D204:G204,"쉼")<>1,"쉼 1명 표시!",IF(INDEX(D204:G204,MATCH($B204,$D$4:$G$4,0))="쉼","승자가 쉼?","✓")))))) | N204: =IF(D204="쉼",0,IF(D204="",1,IFERROR(VALUE(LEFT(D204,1)),1))) -> 1 | O204: =IF(E204="쉼",0,IF(E204="",1,IFERROR(VALUE(LEFT(E204,1)),1))) -> 1 | P204: =IF(F204="쉼",0,IF(F204="",1,IFERROR(VALUE(LEFT(F204,1)),1))) -> 1 | Q204: =IF(G204="쉼",0,IF(G204="",1,IFERROR(VALUE(LEFT(G204,1)),1))) -> 1

Sheet 기타정산
A1: 기타정산 (광값 · 벌금 등 따로 주고받은 돈)
A2: 예) 지훈이 광을 팔아 철수가 300원 줌 → 주는 사람: 철수, 받는 사람: 지훈, 금액: 300
A4: 번호 | B4: 판 번호 | C4: 내용 (광값, 벌금 등) | D4: 주는 사람 | E4: 받는 사람 | F4: 금액 (원) | G4: 확인
A5: 1 | G5: =IF(AND(D5="",E5="",F5=""),"",IF(OR(D5="",E5="",F5=""),"빈칸 확인!",IF(D5=E5,"같은 사람?",IF(OR(COUNTIF(정산!$B$7:$B$10,D5)=0,COUNTIF(정산!$B$7:$B$10,E5)=0),"이름 확인!","✓"))))
A6: 2 | G6: =IF(AND(D6="",E6="",F6=""),"",IF(OR(D6="",E6="",F6=""),"빈칸 확인!",IF(D6=E6,"같은 사람?",IF(OR(COUNTIF(정산!$B$7:$B$10,D6)=0,COUNTIF(정산!$B$7:$B$10,E6)=0),"이름 확인!","✓"))))
A7: 3 | G7: =IF(AND(D7="",E7="",F7=""),"",IF(OR(D7="",E7="",F7=""),"빈칸 확인!",IF(D7=E7,"같은 사람?",IF(OR(COUNTIF(정산!$B$7:$B$10,D7)=0,COUNTIF(정산!$B$7:$B$10,E7)=0),"이름 확인!","✓"))))
A8: 4 | G8: =IF(AND(D8="",E8="",F8=""),"",IF(OR(D8="",E8="",F8=""),"빈칸 확인!",IF(D8=E8,"같은 사람?",IF(OR(COUNTIF(정산!$B$7:$B$10,D8)=0,COUNTIF(정산!$B$7:$B$10,E8)=0),"이름 확인!","✓"))))
A9: 5 | G9: =IF(AND(D9="",E9="",F9=""),"",IF(OR(D9="",E9="",F9=""),"빈칸 확인!",IF(D9=E9,"같은 사람?",IF(OR(COUNTIF(정산!$B$7:$B$10,D9)=0,COUNTIF(정산!$B$7:$B$10,E9)=0),"이름 확인!","✓"))))
A10: 6 | G10: =IF(AND(D10="",E10="",F10=""),"",IF(OR(D10="",E10="",F10=""),"빈칸 확인!",IF(D10=E10,"같은 사람?",IF(OR(COUNTIF(정산!$B$7:$B$10,D10)=0,COUNTIF(정산!$B$7:$B$10,E10)=0),"이름 확인!","✓"))))
A11: 7 | G11: =IF(AND(D11="",E11="",F11=""),"",IF(OR(D11="",E11="",F11=""),"빈칸 확인!",IF(D11=E11,"같은 사람?",IF(OR(COUNTIF(정산!$B$7:$B$10,D11)=0,COUNTIF(정산!$B$7:$B$10,E11)=0),"이름 확인!","✓"))))
A12: 8 | G12: =IF(AND(D12="",E12="",F12=""),"",IF(OR(D12="",E12="",F12=""),"빈칸 확인!",IF(D12=E12,"같은 사람?",IF(OR(COUNTIF(정산!$B$7:$B$10,D12)=0,COUNTIF(정산!$B$7:$B$10,E12)=0),"이름 확인!","✓"))))
A13: 9 | G13: =IF(AND(D13="",E13="",F13=""),"",IF(OR(D13="",E13="",F13=""),"빈칸 확인!",IF(D13=E13,"같은 사람?",IF(OR(COUNTIF(정산!$B$7:$B$10,D13)=0,COUNTIF(정산!$B$7:$B$10,E13)=0),"이름 확인!","✓"))))
A14: 10 | G14: =IF(AND(D14="",E14="",F14=""),"",IF(OR(D14="",E14="",F14=""),"빈칸 확인!",IF(D14=E14,"같은 사람?",IF(OR(COUNTIF(정산!$B$7:$B$10,D14)=0,COUNTIF(정산!$B$7:$B$10,E14)=0),"이름 확인!","✓"))))
A15: 11 | G15: =IF(AND(D15="",E15="",F15=""),"",IF(OR(D15="",E15="",F15=""),"빈칸 확인!",IF(D15=E15,"같은 사람?",IF(OR(COUNTIF(정산!$B$7:$B$10,D15)=0,COUNTIF(정산!$B$7:$B$10,E15)=0),"이름 확인!","✓"))))
A16: 12 | G16: =IF(AND(D16="",E16="",F16=""),"",IF(OR(D16="",E16="",F16=""),"빈칸 확인!",IF(D16=E16,"같은 사람?",IF(OR(COUNTIF(정산!$B$7:$B$10,D16)=0,COUNTIF(정산!$B$7:$B$10,E16)=0),"이름 확인!","✓"))))
... A104: 100 | G104: =IF(AND(D104="",E104="",F104=""),"",IF(OR(D104="",E104="",F104=""),"빈칸 확인!",IF(D104=E104,"같은 사람?",IF(OR(COUNTIF(정산!$B$7:$B$10,D104)=0,COUNTIF(정산!$B$7:$B$10,E104)=0),"이름 확인!","✓"))))
